"코드","유형","난이도","영역","역할","문항"
"1-01","OX","L1","-","앵커 A1","심정지 환자를 발견했을 때 가슴압박은 분당 100~120회 속도로 실시한다."
"1-02","MC4","L1","-","앵커 A2","우리 기관 안전신문고에 신고할 수 있는 것으로 가장 알맞은 것은?"
"1-03","MC4","L1","공단 안전","일반","우리 공단의 안전 슬로건은 무엇인가?"
"1-04","SHORT","L2","위험성평가","일반","사고로 이어지지는 않았지만 사고가 날 수 있었던 위험한 순간을 뜻하는 안전 용어는? (영어로 near miss)"
"1-05","MC4","L2","-","측정사전 M01","소화기를 사용할 때 올바른 순서는?"
"1-06","MC4","L2","-","측정사전 M02","전기설비에서 발생한 화재는 몇 급 화재인가?"
"1-07","MC4","L1","-","측정사전 M03","기름에 붙은 불을 끌 때 가장 적절한 방법은?"
"1-08","MC4","L1","-","측정사전 M04","화재로 대피할 때 가장 올바른 방법은?"
"1-09","MC4","L3","-","측정사전 M05","「피난구유도등」의 표시 방식으로 옳은 것은?"
"1-10","MC4","L2","-","측정사전 M06","실내에서 지진을 느꼈을 때 가장 먼저 해야 할 행동은?"
"1-11","OX","L1","생활안전","일반","출근길이나 퇴근길에 발생한 사고도 산업재해로 인정받을 수 있다."
"1-12","MC4","L1","생활안전","일반","우리 집에도 법적으로 갖춰야 하는 소방시설 2가지는?"
"2-01","MC4","L1","-","앵커 A1","성인 심폐소생술에서 가슴압박의 깊이는 어느 정도가 적절한가?"
"2-02","OX","L1","-","앵커 A2","다친 사람이 없었던 위험 상황은 안전신문고에 신고할 필요가 없다."
"2-03","MC4","L1","직장 건강","일반","온열질환 예방 3대 기본수칙을 올바르게 나열한 것은?"
"2-04","MC4","L3","직장 건강","일반","폭염작업 시 체감온도가 33℃ 이상인 경우 사업주가 부여해야 하는 휴식 기준은?"
"2-05","MC4","L2","-","측정사전 M07","사무직 근로자에게 가장 많이 발생하는 업무상 사고 유형은?"
"2-06","MC4","L1","-","측정사전 M08","멀티탭을 사용할 때 가장 안전한 방법은?"
"2-07","MC4","L2","-","측정사전 M09","컴퓨터 작업 시 눈과 모니터 화면 사이의 권장 거리는?"
"2-08","MC4","L3","-","측정사전 M10","사업주가 근골격계부담작업에 대한 유해요인조사를 실시해야 하는 주기는?"
"2-09","MC4","L2","-","측정사전 M11","위험성평가에 반드시 참여해야 하는 사람은?"
"2-10","MC4","L2","-","측정사전 M12","급박한 위험을 발견한 근로자가 취할 올바른 조치는?"
"2-11","MC4","L1","생활안전","일반","식중독 예방 3대 원칙에 해당하지 않는 것은?"
"2-12","OX","L1","생활안전","일반","폭염 속 주차한 차 안에 보조배터리나 라이터를 두면 폭발할 수 있다."
"3-01","OX","L1","-","앵커 A1","자동심장충격기(AED)는 의료인이 아니면 사용할 수 없다."
"3-02","OX","L2","-","앵커 A2","위험요인을 신고한 직원에게는 그 신고를 이유로 불리한 처우를 할 수 없다."
"3-03","MC4","L2","화재·대피","일반","소화기를 사용할 때 가장 먼저 해야 하는 동작은?"
"3-04","MC4","L3","화재·대피","일반","축압식 분말소화기의 지시압력계 바늘이 정상 범위일 때 가리키는 색은?"
"3-05","OX","L1","화재·대피","일반","화재를 발견하면 먼저 혼자 끄려고 시도하고, 실패하면 그때 주변에 알린다."
"3-06","MC4","L2","화재·대피","일반","소화기로 초기진화를 포기하고 즉시 대피해야 하는 시점은?"
"3-07","MC4","L3","화재·대피","일반","복도에서 '출구 방향'을 알려주는 「통로유도등」의 표시 방식은?"
"3-08","MC4","L2","화재·대피","일반","연기가 가득한 복도를 지나 대피할 때 가장 올바른 방법은?"
"3-09","ORDER","L2","화재·대피","일반","실내에서 지진이 발생했을 때의 행동 순서를 배열하시오."
"3-10","MC4","L2","생활안전","일반","집에서 가스 냄새가 났을 때 해서는 안 되는 행동은?"
"3-11","MC4","L2","응급처치","일반","뜨거운 물이나 불에 화상을 입었을 때 가장 적절한 응급처치는?"
"3-12","OX","L1","응급처치","일반","음식물이 목에 걸려 말을 못 하고 목을 감싸 쥔 사람에게는 등을 두드리기보다 복부를 밀어 올리는 처치(하임리히법)를 한다."
"4-01","MC4","L1","-","앵커 A1","심정지 발생 후 뇌 손상 없이 소생할 가능성이 큰 시간, 이른바 '골든타임'은?"
"4-02","MC4","L2","-","앵커 A2","사무실에서 바닥에 늘어진 전선을 발견했다. 가장 바람직한 행동은?"
"4-03","MC4","L2","사무실 안전","일반","사무실에서 넘어짐(전도) 사고를 줄이기 위한 조치로 가장 효과가 큰 것은?"
"4-04","OX","L2","사무실 안전","일반","높이가 높은 서류 캐비닛이나 책장은 벽 또는 옆 캐비닛에 고정해야 한다."
"4-05","OX","L1","사무실 안전","일반","콘센트에 먼지가 쌓여 있어도 전기가 통하지 않으므로 화재와는 무관하다."
"4-06","OX","L1","생활안전","일반","보조배터리가 부풀어 올랐다면 충전만 하지 않으면 계속 사용해도 된다."
"4-07","MC4","L1","응급처치","일반","팔에 상처가 나 피가 흐를 때 가장 먼저 해야 할 처치는?"
"4-08","MC4","L2","직장 건강","일반","컴퓨터 작업 시 모니터 화면의 높이는 어디에 두는 것이 적절한가?"
"4-09","MC4","L3","직장 건강","일반","근골격계부담작업 유해요인조사에 관한 설명으로 옳은 것은?"
"4-10","MC4","L2","직장 건강","일반","눈의 피로를 줄이기 위한 이른바 '20-20-20 규칙'의 내용은?"
"4-11","MC4","L3","직장 건강","일반","민원인의 폭언 등으로 직원의 건강장해가 우려될 때 사업주가 해야 할 조치가 아닌 것은?"
"4-12","MC4","L1","생활안전","일반","갑자기 한쪽 얼굴이 처지고 팔에 힘이 빠지며 말이 어눌해졌다. 가장 적절한 대응은?"
"5-01","MC4","L3","-","앵커 A1","자동심장충격기(AED) 패드의 올바른 부착 위치는?"
"5-02","MC4","L2","-","앵커 A2","안전신문고에 신고한 위험요인은 이후 어떻게 처리되는가?"
"5-03","ORDER","L2","위험성평가","일반","위험성평가의 실시 절차를 순서대로 배열하시오."
"5-04","MC4","L2","-","측정사후 M01P","사무실 휴지통에서 불이 났다. 소화기를 들고 달려갔을 때 취할 행동을 순서대로 나열한 것은?"
"5-05","MC4","L2","-","측정사후 M02P","사무실 배전반에서 연기가 나며 불꽃이 튀고 있다. 이 화재의 급수와 우선 조치는?"
"5-06","MC4","L1","-","측정사후 M03P","탕비실에서 튀김 요리 중 냄비의 기름에 불이 붙었다. 가장 적절한 조치는?"
"5-07","MC4","L1","-","측정사후 M04P","8층 사무실에서 화재경보가 울리고 복도에 연기가 보인다. 가장 적절한 행동은?"
"5-08","MC4","L3","-","측정사후 M05P","대피 중 복도에서 아래 두 표지를 보았다. ㉠은 녹색 바탕에 백색 사람 그림, ㉡은 백색 바탕에 녹색 화살표다. 출구가 있는 곳으로 향하려면?"
"5-09","MC4","L2","-","측정사후 M06P","사무실에서 책상이 흔들릴 정도의 지진을 느꼈다. 다음 중 가장 위험한 행동은?"
"5-10","MC4","L2","-","전이 T01","작업 중 옷에 불이 붙었다. 가장 올바른 대응은?"
"5-11","MC4","L2","-","전이 T02","대피 중 닫힌 문 앞에 도착했다. 문을 열기 전 반드시 확인해야 할 것은?"
"5-12","OX","L2","안전 법령","일반","급박한 위험이 있어 작업을 중지하고 대피한 근로자에게 사업주가 해고 등 불리한 처우를 하면 처벌 대상이 된다."
"6-01","MC4","L2","-","앵커 A1","길에서 갑자기 쓰러진 사람을 발견했다. 가장 먼저 할 일은?"
"6-02","OX","L1","-","앵커 A2","6주 동안 위험요인을 한 번도 신고하지 않았다면, 우리 주변에 위험이 하나도 없었다는 뜻이다."
"6-03","MC4","L2","안전 법령","일반","중대재해처벌법상 '중대산업재해'에 해당하지 않는 것은?"
"6-04","MC4","L2","-","측정사후 M07P","우리 사무실 사고 위험을 낮추기 위해 가장 먼저 손봐야 할 곳은?"
"6-05","MC4","L1","-","측정사후 M08P","다음 중 화재 위험이 가장 큰 상태는?"
"6-06","MC4","L2","-","측정사후 M09P","노트북만으로 하루 8시간 일하는 직원의 목·어깨 통증을 줄이는 가장 효과적인 개선은?"
"6-07","MC4","L3","-","측정사후 M10P","부서에 새로운 작업 설비를 도입해 직원들의 작업 자세가 크게 바뀌었다. 근골격계 유해요인조사는 언제 실시해야 하는가?"
"6-08","MC4","L2","-","측정사후 M11P","우리 부서 위험성평가를 실시할 때 반드시 참여해야 하는 사람은?"
"6-09","MC4","L2","-","측정사후 M12P","작업 중 천장에서 물이 새 바닥에 고이고 배전반 근처까지 번지고 있다. 가장 적절한 행동은?"
"6-10","MC4","L2","-","전이 T03","동료가 전기 작업 중 감전되어 쓰러졌고 아직 전선을 잡고 있다. 가장 먼저 할 일은?"
"6-11","MC4","L3","-","전이 T04","3일 이상의 휴업이 필요한 산업재해가 발생했을 때 사업주의 보고 의무는?"
"6-12","OX","L1","생활안전","일반","일산화탄소는 냄새가 없어 새고 있어도 알아채기 어렵다."
